{
  "title": "CONTATOS",
  "meta_title": "",
  "meta_description": "Sou o KaciusK seu amigo aqui da Cozinha & Complemento como posso ajuda-los ?",
  "body": "1. C﻿ONTATE NOSSA EQUIPE \n\nE-MAIL:\n\n**c﻿ozinhacomplemento@gmail.com**\n\n**(61) 9 9629-0091** \n\n**Sou o KaciusK seu amigo aqui da Cozinha & Complemento como posso ajuda-los ?**\n\n![](/img/uploads/aremoji_20210518_112544_46657.png \"Sou o KaciusK seu amigo aqui da Cozinha & Complemento como posso ajuda-los ?\")\n\n![Sou o KaciusK seu amigo aqui da Cozinha & Complemento como posso ajuda-los ?](/img/uploads/aremoji_20210518_112544_46657.png \"(61) 9 9629-0091 \")",
  "sections": []
}