{
  "marketing_stripe": {
    "text": "Aproveite Agora Nossas Promoções...!",
    "link": "/promotion",
    "background": "#000000",
    "color": "#f9f30d"
  },
  "contacts_stripe": {
    "pages": [
      {
        "title": "Obrigado Por Nos Visitar Somos A Cozinha & Complemento.",
        "link": "/pages/sobre-nos"
      },
      {
        "title": "Sua Loja Virtual"
      }
    ],
    "phone_wpp": true,
    "socials": true
  },
  "categories_list": {
    "featured": [],
    "random": 3,
    "full_width": true
  },
  "desktop_megamenu": true,
  "search_input": true,
  "alphabetical_order_submenu": true,
  "full_width_submenu": true
}