{
  "meta_title": "COZINHAS MODERNAS",
  "meta_description": "ARMÁRIOS DE COZINHA MODERNA",
  "sections": [
    {
      "type": "banner-slider",
      "autoplay": 3000,
      "full_width": true,
      "slides": [
        {
          "img": "/img/uploads/cozinhas.jpg",
          "link": "Cozinha Black",
          "alt": "Closets",
          "start": "",
          "end": "",
          "mobile_img": "/img/uploads/cozinhas.jpg"
        },
        {
          "start": "",
          "end": "",
          "img": "/img/uploads/closets.jpg",
          "alt": "Closets",
          "mobile_img": "/img/uploads/closets.jpg"
        },
        {
          "start": "",
          "end": "",
          "img": "/img/uploads/img-render-real-1.jpg",
          "link": "Estofados",
          "mobile_img": "/img/uploads/img-render-real-1.jpg"
        }
      ]
    },
    {
      "type": "info-bar",
      "enabled": true
    },
    {
      "type": "collection-shelf",
      "shuffle": true,
      "collection_id": null,
      "sort": "offers",
      "title": "",
      "headless": false,
      "limit": 7,
      "page": 1
    },
    {
      "type": "page-title",
      "title": "Consulte Nossa Equipe. Estaremos Sempre ao Seu Dispor.",
      "description": "Fazemos Ambientes Corporativos e Residenciais. Requisite um Projeto On-Line."
    }
  ]
}